id,name,email,role
6613e920fc13ae1a78abad3b,Karim Robardet,krobardet0@zimbio.com,user
6613e920fc13ae1a78abad3c,Reinaldos Pottage,rpottage1@bizjournals.com,user
6613e920fc13ae1a78abad3d,Charlot Bruin,cbruin2@storify.com,user
6613e920fc13ae1a78abad3e,Stern Cosbee,scosbee3@surveymonkey.com,user
6613e920fc13ae1a78abad3f,Etti Grout,egrout4@zimbio.com,user
6613e920fc13ae1a78abad40,Alley Carlozzi,acarlozzi5@bloglines.com,user
6613e920fc13ae1a78abad41,Thaxter Beatty,tbeatty6@sfgate.com,user
6613e920fc13ae1a78abad42,Francesca Colin,fcolin7@opera.com,user
6613e920fc13ae1a78abad43,Evania Freed,efreed8@edublogs.org,user
6613e920fc13ae1a78abad44,Tabitha Fligg,tfligg9@example.com,user
6613e920fc13ae1a78abad45,Edith Fuster,efustera@craigslist.org,user
6613e920fc13ae1a78abad46,Harv Decreuze,hdecreuzeb@icio.us,user
6613e920fc13ae1a78abad47,Gloriana Morat,gmoratc@blogtalkradio.com,user
6613e920fc13ae1a78abad48,Leonard Ovitts,lovittsd@wired.com,user
6613e920fc13ae1a78abad49,Paquito Brownett,pbrownette@newyorker.com,user
6613e920fc13ae1a78abad4a,Culver Ollerhead,collerheadf@stumbleupon.com,user
6613e920fc13ae1a78abad4b,Harvey Vigors,hvigorsg@eventbrite.com,user
6613e920fc13ae1a78abad4c,Giralda Barber,gbarberh@aol.com,user
6613e920fc13ae1a78abad4d,Lombard Ranscomb,lranscombi@facebook.com,user
6613e920fc13ae1a78abad4e,Abraham Jiroutek,ajiroutekj@example.com,user
6613e920fc13ae1a78abad4f,Ron Logsdail,rlogsdailk@dedecms.com,user
6613e920fc13ae1a78abad50,Lebbie Lowseley,llowseleyl@opensource.org,user
6613e920fc13ae1a78abad51,Terri Westfield,twestfieldm@china.com.cn,user
6613e920fc13ae1a78abad52,Jeanna Killshaw,jkillshawn@canalblog.com,admin
6613e920fc13ae1a78abad53,Alys Blazi,ablazio@skype.com,user
6613e920fc13ae1a78abad54,Rania Zmitruk,rzmitrukp@multiply.com,user
6613e920fc13ae1a78abad55,Henrietta Evamy,hevamyq@wired.com,user
6613e920fc13ae1a78abad56,Anallese Bazelle,abazeller@diigo.com,user
6613e920fc13ae1a78abad57,Jessamyn Beat,jbeats@amazon.co.uk,user
6613e920fc13ae1a78abad58,Brice Colpus,bcolpust@discovery.com,user
6613e920fc13ae1a78abad59,Riane Runciman,rruncimanu@networkadvertising.org,user
6613e920fc13ae1a78abad5a,Lexine Bonny,lbonnyv@wsj.com,user
6613e920fc13ae1a78abad5b,Gizela Roath,groathw@answers.com,user
6613e920fc13ae1a78abad5c,Bartholemy Dumphy,bdumphyx@usa.gov,user
6613e920fc13ae1a78abad5d,Melody Hache,mhachey@wufoo.com,user
6613e920fc13ae1a78abad5e,Natala Elnaugh,nelnaughz@ning.com,user
6613e920fc13ae1a78abad5f,Finlay Aughton,faughton10@smh.com.au,user
6613e920fc13ae1a78abad60,Amelina Kilbourn,akilbourn11@myspace.com,admin
6613e920fc13ae1a78abad61,Emmye Durdy,edurdy12@sourceforge.net,user
6613e920fc13ae1a78abad62,Eduard Caghy,ecaghy13@usgs.gov,user
6613e920fc13ae1a78abad63,Miriam Vel,mvel14@typepad.com,admin
6613e920fc13ae1a78abad64,Guy Murrie,gmurrie15@stumbleupon.com,user
6613e920fc13ae1a78abad65,Anthe Gaunter,agaunter16@cbc.ca,user
6613e920fc13ae1a78abad66,Dav Kellett,dkellett17@engadget.com,user
6613e920fc13ae1a78abad67,Cordelie Reidie,creidie18@myspace.com,user
6613e920fc13ae1a78abad68,Nonna Smardon,nsmardon19@hatena.ne.jp,user
6613e920fc13ae1a78abad69,Alexei Coolbear,acoolbear1a@taobao.com,user
6613e920fc13ae1a78abad6a,Rozalin Sandhill,rsandhill1b@edublogs.org,user
6613e920fc13ae1a78abad6b,Joline Reedy,jreedy1c@github.io,user
6613e920fc13ae1a78abad6c,Skipton Negro,snegro1d@hubpages.com,admin
6613e920fc13ae1a78abad6d,Keane Castenda,kcastenda1e@chronoengine.com,user
6613e920fc13ae1a78abad6e,Truman Stubbings,tstubbings1f@fotki.com,user
6613e920fc13ae1a78abad6f,Dorisa St. Queintain,dst1g@a8.net,user
6613e920fc13ae1a78abad70,Katie Garnall,kgarnall1h@wix.com,user
6613e920fc13ae1a78abad71,Eddie Wilsher,ewilsher1i@over-blog.com,user
6613e920fc13ae1a78abad72,Emmy Lotherington,elotherington1j@sogou.com,user
6613e920fc13ae1a78abad73,Winona Folshom,wfolshom1k@shareasale.com,user
6613e920fc13ae1a78abad74,Charlot Trinder,ctrinder1l@bluehost.com,user
6613e920fc13ae1a78abad75,Janelle World,jworld1m@cisco.com,user
6613e920fc13ae1a78abad76,Arne Hendrich,ahendrich1n@lulu.com,user
6613e920fc13ae1a78abad77,Fredrika Dowbekin,fdowbekin1o@indiatimes.com,user
6613e920fc13ae1a78abad78,Garreth Eagland,geagland1p@altervista.org,user
6613e920fc13ae1a78abad79,Nathanil Caygill,ncaygill1q@cnet.com,user
6613e920fc13ae1a78abad7a,Alia Starking,astarking1r@senate.gov,user
6613e920fc13ae1a78abad7b,Darn Veall,dveall1s@spotify.com,admin
6613e920fc13ae1a78abad7c,Alic Dutch,adutch1t@macromedia.com,user
6613e920fc13ae1a78abad7d,Mendy Sulley,msulley1u@icq.com,user
6613e920fc13ae1a78abad7e,Alene Turvey,aturvey1v@cafepress.com,user
6613e920fc13ae1a78abad7f,Danila Lacrouts,dlacrouts1w@4shared.com,user
6613e920fc13ae1a78abad80,Sutton Ginnell,sginnell1x@si.edu,user
6613e920fc13ae1a78abad81,Hill Denizet,hdenizet1y@google.ru,user
6613e920fc13ae1a78abad82,Barnie Plesing,bplesing1z@cisco.com,user
6613e920fc13ae1a78abad83,Caz Thirst,cthirst20@admin.ch,user
6613e920fc13ae1a78abad84,Loren Gisborne,lgisborne21@blog.com,admin
6613e920fc13ae1a78abad85,Chick Gomer,cgomer22@phoca.cz,user
6613e920fc13ae1a78abad86,Giffer Fuidge,gfuidge23@ocn.ne.jp,user
6613e920fc13ae1a78abad87,Alena Cornick,acornick24@hugedomains.com,user
6613e920fc13ae1a78abad88,Marcel Lamborne,mlamborne25@theatlantic.com,user
6613e920fc13ae1a78abad89,Malina Souza,msouza26@hibu.com,user
6613e920fc13ae1a78abad8a,Gregor Ties,gties27@flickr.com,user
6613e920fc13ae1a78abad8b,Jonah Dimitriou,jdimitriou28@csmonitor.com,user
6613e920fc13ae1a78abad8c,Horace Hassett,hhassett29@facebook.com,user
6613e920fc13ae1a78abad8d,Terri-jo Skilling,tskilling2a@dyndns.org,admin
6613e920fc13ae1a78abad8e,Lauraine Vautrey,lvautrey2b@cargocollective.com,user
6613e920fc13ae1a78abad8f,Davin Monkman,dmonkman2c@php.net,user
6613e920fc13ae1a78abad90,Elicia McCrossan,emccrossan2d@people.com.cn,user
6613e920fc13ae1a78abad91,Stillmann Wellbeloved,swellbeloved2e@cnbc.com,user
6613e920fc13ae1a78abad92,Waverley McInally,wmcinally2f@pen.io,user
6613e920fc13ae1a78abad93,Kathie Marusic,kmarusic2g@comcast.net,user
6613e920fc13ae1a78abad94,Morgan Girardengo,mgirardengo2h@about.me,user
6613e920fc13ae1a78abad95,Hephzibah Llewhellin,hllewhellin2i@tumblr.com,user
6613e920fc13ae1a78abad96,Myrna Haddleston,mhaddleston2j@loc.gov,user
6613e920fc13ae1a78abad97,Sarge Culverhouse,sculverhouse2k@nsw.gov.au,user
6613e920fc13ae1a78abad98,Felecia Crevy,fcrevy2l@ebay.com,user
6613e920fc13ae1a78abad99,Vinson Tibb,vtibb2m@wufoo.com,user
6613e920fc13ae1a78abad9a,Ellyn Ruspine,eruspine2n@fastcompany.com,user
6613e920fc13ae1a78abad9b,Jena Kift,jkift2o@hexun.com,user
6613e920fc13ae1a78abad9c,Celle Winslow,cwinslow2p@oracle.com,user
6613e920fc13ae1a78abad9d,Dorrie Cluatt,dcluatt2q@disqus.com,user
6613e920fc13ae1a78abad9e,Rebekah Bottomer,rbottomer2r@chron.com,user
6613e920fc13ae1a78abad9f,Fawn Duxfield,fduxfield2s@flickr.com,user
6613e920fc13ae1a78abada0,Betteanne Ondrak,bondrak2t@cornell.edu,user
6613e920fc13ae1a78abada1,Aimil Greggs,agreggs2u@webs.com,admin
6613e920fc13ae1a78abada2,Gabbie Slaten,gslaten2v@typepad.com,user
6613e920fc13ae1a78abada3,Berk Grigoli,bgrigoli2w@amazonaws.com,user
6613e920fc13ae1a78abada4,Lexi Bartoletti,lbartoletti2x@hao123.com,user
6613e920fc13ae1a78abada5,Chris Corbie,ccorbie2y@addthis.com,user
6613e920fc13ae1a78abada6,Forester Regina,fregina2z@mashable.com,user
6613e920fc13ae1a78abada7,Giana Jull,gjull30@ehow.com,user
6613e920fc13ae1a78abada8,Hetty Killshaw,hkillshaw31@cisco.com,user
6613e920fc13ae1a78abada9,Even O'Finan,eofinan32@ca.gov,user
6613e920fc13ae1a78abadaa,Augustus Hourican,ahourican33@mapy.cz,user
6613e920fc13ae1a78abadab,Sylvia Hacquoil,shacquoil34@harvard.edu,user
6613e920fc13ae1a78abadac,Christy Cromack,ccromack35@livejournal.com,admin
6613e920fc13ae1a78abadad,Johan Steart,jsteart36@cyberchimps.com,user
6613e920fc13ae1a78abadae,Alleyn Dinkin,adinkin37@cbc.ca,user
6613e920fc13ae1a78abadaf,Cristie Vennart,cvennart38@woothemes.com,user
6613e920fc13ae1a78abadb0,Tammie Vasquez,tvasquez39@multiply.com,user
6613e920fc13ae1a78abadb1,Arel Matteini,amatteini3a@toplist.cz,user
6613e920fc13ae1a78abadb2,Emmalynn Ovize,eovize3b@upenn.edu,user
6613e920fc13ae1a78abadb3,Fin Goman,fgoman3c@wired.com,user
6613e920fc13ae1a78abadb4,Izaak Reven,ireven3d@mashable.com,user
6613e920fc13ae1a78abadb5,Con Jesson,cjesson3e@reverbnation.com,user
6613e920fc13ae1a78abadb6,Ros Bazoge,rbazoge3f@unicef.org,user
6613e920fc13ae1a78abadb7,Andras Hankey,ahankey3g@bigcartel.com,user
6613e920fc13ae1a78abadb8,Spenser Bleazard,sbleazard3h@ucla.edu,user
6613e920fc13ae1a78abadb9,Roseann Pretor,rpretor3i@mail.ru,user
6613e920fc13ae1a78abadba,Selig Duffil,sduffil3j@tuttocitta.it,user
6613e920fc13ae1a78abadbb,Brigham D'Alesco,bdalesco3k@jiathis.com,user
6613e920fc13ae1a78abadbc,Alyse Taffarello,ataffarello3l@ucoz.ru,user
6613e920fc13ae1a78abadbd,Steve Reimer,sreimer3m@exblog.jp,user
6613e920fc13ae1a78abadbe,Farley Sture,fsture3n@marriott.com,user
6613e920fc13ae1a78abadbf,Nickey Naris,nnaris3o@ustream.tv,user
6613e920fc13ae1a78abadc0,Francis Ebanks,febanks3p@cafepress.com,user
6613e920fc13ae1a78abadc1,Josefa Landy,jlandy3q@bandcamp.com,user
6613e920fc13ae1a78abadc2,Jessy Tartt,jtartt3r@dedecms.com,user
6613e920fc13ae1a78abadc3,Leslie Renny,lrenny3s@webnode.com,user
6613e920fc13ae1a78abadc4,Eduino Fandrich,efandrich3t@hud.gov,user
6613e920fc13ae1a78abadc5,Pembroke Tesyro,ptesyro3u@rediff.com,user
6613e920fc13ae1a78abadc6,Ingrim Heard,iheard3v@homestead.com,user
6613e920fc13ae1a78abadc7,Garret Duffitt,gduffitt3w@artisteer.com,admin
6613e920fc13ae1a78abadc8,Waverley Ianittello,wianittello3x@sogou.com,user
6613e920fc13ae1a78abadc9,Ugo Kenworthey,ukenworthey3y@cbc.ca,user
6613e920fc13ae1a78abadca,Bogart Pawelke,bpawelke3z@smh.com.au,user
6613e920fc13ae1a78abadcb,Aloisia Gillmore,agillmore40@nih.gov,user
6613e920fc13ae1a78abadcc,Lucine Parrin,lparrin41@woothemes.com,user
6613e920fc13ae1a78abadcd,Mitchel Baldelli,mbaldelli42@purevolume.com,user
6613e920fc13ae1a78abadce,Sammy Halford,shalford43@cbc.ca,user
6613e920fc13ae1a78abadcf,Clary McAster,cmcaster44@themeforest.net,user
6613e920fc13ae1a78abadd0,Issie Hennington,ihennington45@etsy.com,user
6613e920fc13ae1a78abadd1,Francoise Sheepy,fsheepy46@usda.gov,user
6613e920fc13ae1a78abadd2,Zilvia Binning,zbinning47@icq.com,user
6613e920fc13ae1a78abadd3,Hurleigh Toulson,htoulson48@addthis.com,user
6613e920fc13ae1a78abadd4,Wain Toe,wtoe49@storify.com,user
6613e920fc13ae1a78abadd5,Marion Menichelli,mmenichelli4a@usnews.com,user
6613e920fc13ae1a78abadd6,Saundra M'Barron,smbarron4b@e-recht24.de,user
6613e920fc13ae1a78abadd7,Antonio Bossel,abossel4c@nhs.uk,user
6613e920fc13ae1a78abadd8,Candie Rubinowitz,crubinowitz4d@stumbleupon.com,user
6613e920fc13ae1a78abadd9,Fey Dalton,fdalton4e@telegraph.co.uk,user
6613e920fc13ae1a78abadda,Paige Tother,ptother4f@webmd.com,user
6613e920fc13ae1a78abaddb,Zandra Ledwich,zledwich4g@hhs.gov,user
6613e920fc13ae1a78abaddc,Jonathan Bredes,jbredes4h@dropbox.com,user
6613e920fc13ae1a78abaddd,Warde Miskin,wmiskin4i@bloglines.com,user
6613e920fc13ae1a78abadde,Maximo Crosby,mcrosby4j@cisco.com,user
6613e920fc13ae1a78abaddf,Kellby Selcraig,kselcraig4k@nbcnews.com,user
6613e920fc13ae1a78abade0,Danika Collyns,dcollyns4l@paypal.com,user
6613e920fc13ae1a78abade1,Remington Vidler,rvidler4m@g.co,user
6613e920fc13ae1a78abade2,Katuscha Shakesby,kshakesby4n@networkadvertising.org,user
6613e920fc13ae1a78abade3,Alvis Kirton,akirton4o@wikispaces.com,user
6613e920fc13ae1a78abade4,Jaymie Wolstenholme,jwolstenholme4p@w3.org,user
6613e920fc13ae1a78abade5,Oralle Balcers,obalcers4q@newsvine.com,user
6613e920fc13ae1a78abade6,Shepherd Sibson,ssibson4r@wired.com,user
6613e920fc13ae1a78abade7,Rinaldo Godding,rgodding4s@bloomberg.com,user
6613e920fc13ae1a78abade8,Lanny Willacot,lwillacot4t@github.com,user
6613e920fc13ae1a78abade9,Tanner Golborn,tgolborn4u@qq.com,user
6613e920fc13ae1a78abadea,Sampson Steptowe,ssteptowe4v@jiathis.com,user
6613e920fc13ae1a78abadeb,Freddi Sidebottom,fsidebottom4w@altervista.org,user
6613e920fc13ae1a78abadec,Melina Readman,mreadman4x@wired.com,user
6613e920fc13ae1a78abaded,Gal Mayte,gmayte4y@yolasite.com,user
6613e920fc13ae1a78abadee,Merwyn Cridlon,mcridlon4z@newyorker.com,user
6613e920fc13ae1a78abadef,Palmer Dearl,pdearl50@gnu.org,user
6613e920fc13ae1a78abadf0,Orv Giottoi,ogiottoi51@quantcast.com,user
6613e920fc13ae1a78abadf1,Davis Jury,djury52@slashdot.org,user
6613e920fc13ae1a78abadf2,Calley Oolahan,coolahan53@netvibes.com,user
6613e920fc13ae1a78abadf3,Delly Kitteman,dkitteman54@i2i.jp,user
6613e920fc13ae1a78abadf4,Dorolisa Piotrowski,dpiotrowski55@forbes.com,user
6613e920fc13ae1a78abadf5,Arlee Hans,ahans56@miibeian.gov.cn,user
6613e920fc13ae1a78abadf6,Katharyn Rubinovitch,krubinovitch57@dell.com,user
6613e920fc13ae1a78abadf7,Cathlene Gierth,cgierth58@altervista.org,user
6613e920fc13ae1a78abadf8,Darrel Wakeling,dwakeling59@123-reg.co.uk,user
6613e920fc13ae1a78abadf9,Ellwood Gerardeaux,egerardeaux5a@toplist.cz,user
6613e920fc13ae1a78abadfa,Floyd Smewin,fsmewin5b@parallels.com,user
6613e920fc13ae1a78abadfb,Martina Brigg,mbrigg5c@exblog.jp,user
6613e920fc13ae1a78abadfc,Marice Gerrels,mgerrels5d@home.pl,user
6613e920fc13ae1a78abadfd,Althea Lutman,alutman5e@hibu.com,user
6613e920fc13ae1a78abadfe,Conway Grantham,cgrantham5f@domainmarket.com,user
6613e920fc13ae1a78abadff,Tuck Gosker,tgosker5g@myspace.com,user
6613e920fc13ae1a78abae00,Dieter Siemantel,dsiemantel5h@wordpress.org,user
6613e920fc13ae1a78abae01,Valera Pepineaux,vpepineaux5i@slideshare.net,user
6613e920fc13ae1a78abae02,Nan Loosely,nloosely5j@ifeng.com,user
6613e920fc13ae1a78abae03,Leonanie Sandels,lsandels5k@si.edu,user
6613e920fc13ae1a78abae04,Briney Yurchishin,byurchishin5l@opera.com,user
6613e920fc13ae1a78abae05,Shelden Philippsohn,sphilippsohn5m@reference.com,user
6613e920fc13ae1a78abae06,Gwyn Gentner,ggentner5n@sakura.ne.jp,user
6613e920fc13ae1a78abae07,Anthea Beelby,abeelby5o@lycos.com,user
6613e920fc13ae1a78abae08,Penelope Kinder,pkinder5p@topsy.com,user
6613e920fc13ae1a78abae09,Darsey Nyland,dnyland5q@indiegogo.com,user
6613e920fc13ae1a78abae0a,Eirena Petrol,epetrol5r@tiny.cc,user
6613e920fc13ae1a78abae0b,Forester Butten,fbutten5s@mediafire.com,user
6613e920fc13ae1a78abae0c,Garrard Paolicchi,gpaolicchi5t@japanpost.jp,user
6613e920fc13ae1a78abae0d,Guglielmo Gaskoin,ggaskoin5u@smugmug.com,user
6613e920fc13ae1a78abae0e,Netti Simonnin,nsimonnin5v@joomla.org,user
6613e920fc13ae1a78abae0f,Arabelle Flarity,aflarity5w@cnn.com,user
6613e920fc13ae1a78abae10,Dinny Coster,dcoster5x@abc.net.au,user
6613e920fc13ae1a78abae11,Charyl Ollenbuttel,collenbuttel5y@hibu.com,user
6613e920fc13ae1a78abae12,Celie Byles,cbyles5z@chron.com,user
6613e920fc13ae1a78abae13,Leonhard Johnigan,ljohnigan60@sogou.com,user
6613e920fc13ae1a78abae14,Astra Heady,aheady61@ihg.com,user
6613e920fc13ae1a78abae15,Gladi Sweatland,gsweatland62@google.com.br,user
6613e920fc13ae1a78abae16,Norri Treverton,ntreverton63@ning.com,user
6613e920fc13ae1a78abae17,Gherardo Farnan,gfarnan64@gizmodo.com,user
6613e920fc13ae1a78abae18,Ogdon Thody,othody65@oracle.com,user
6613e920fc13ae1a78abae19,Ive Coppens,icoppens66@weibo.com,admin
6613e920fc13ae1a78abae1a,Carola Skeemer,cskeemer67@123-reg.co.uk,user
6613e920fc13ae1a78abae1b,Tony Docharty,tdocharty68@narod.ru,user
6613e920fc13ae1a78abae1c,Rosita Benet,rbenet69@ed.gov,user
6613e920fc13ae1a78abae1d,Lissie Resun,lresun6a@irs.gov,user
6613e920fc13ae1a78abae1e,Colby Bricham,cbricham6b@ustream.tv,user
6613e920fc13ae1a78abae1f,Lynnea Roberts,lroberts6c@list-manage.com,user
6613e920fc13ae1a78abae20,Nerty Franssen,nfranssen6d@newsvine.com,user
6613e920fc13ae1a78abae21,Bendix Keepence,bkeepence6e@goo.ne.jp,user
6613e920fc13ae1a78abae22,Homer Coumbe,hcoumbe6f@ocn.ne.jp,user
6613e920fc13ae1a78abae23,Harri Coughan,hcoughan6g@nasa.gov,user
6613e920fc13ae1a78abae24,Zacharia Hurl,zhurl6h@ask.com,user
6613e920fc13ae1a78abae25,Meggy Kench,mkench6i@example.com,user
6613e920fc13ae1a78abae26,Hart Keming,hkeming6j@mayoclinic.com,user
6613e920fc13ae1a78abae27,Florance Twiname,ftwiname6k@apache.org,user
6613e920fc13ae1a78abae28,Anatol McFee,amcfee6l@etsy.com,user
6613e920fc13ae1a78abae29,Bambie McFade,bmcfade6m@google.fr,user
6613e920fc13ae1a78abae2a,Lydia Bartali,lbartali6n@gizmodo.com,user
6613e920fc13ae1a78abae2b,Ciro Dufaur,cdufaur6o@nasa.gov,user
6613e920fc13ae1a78abae2c,Tait Klimashevich,tklimashevich6p@cnbc.com,user
6613e920fc13ae1a78abae2d,Dody Linnock,dlinnock6q@mac.com,user
6613e920fc13ae1a78abae2e,Mabelle Tonna,mtonna6r@furl.net,user
6613e920fc13ae1a78abae2f,Elnore Seabourne,eseabourne6s@baidu.com,user
6613e920fc13ae1a78abae30,Normand Harnes,nharnes6t@hc360.com,user
6613e920fc13ae1a78abae31,Aggy Lyddiard,alyddiard6u@salon.com,user
6613e920fc13ae1a78abae32,Marigold Yurkevich,myurkevich6v@slashdot.org,user
6613e920fc13ae1a78abae33,Fransisco Jaine,fjaine6w@economist.com,user
6613e920fc13ae1a78abae34,Cathi Brightey,cbrightey6x@rediff.com,user
6613e920fc13ae1a78abae35,Pen Viger,pviger6y@fc2.com,user
6613e920fc13ae1a78abae36,Sibylle O'Keeffe,sokeeffe6z@google.co.uk,user
6613e920fc13ae1a78abae37,Eldin Daingerfield,edaingerfield70@issuu.com,user
6613e920fc13ae1a78abae38,Maryjane Shavel,mshavel71@cdbaby.com,user
6613e920fc13ae1a78abae39,Silvano Gowman,sgowman72@51.la,user
6613e920fc13ae1a78abae3a,Joellyn Stacy,jstacy73@vinaora.com,user
6613e920fc13ae1a78abae3b,Jeromy Ricoald,jricoald74@flavors.me,user
6613e920fc13ae1a78abae3c,Saundra Kemson,skemson75@answers.com,user
6613e920fc13ae1a78abae3d,Thor Duiguid,tduiguid76@phoca.cz,admin
6613e920fc13ae1a78abae3e,Tracee Yanshin,tyanshin77@irs.gov,user
6613e920fc13ae1a78abae3f,Griselda Knuckles,gknuckles78@amazon.co.uk,user
6613e920fc13ae1a78abae40,Phillip Coetzee,pcoetzee79@washington.edu,user
6613e920fc13ae1a78abae41,Barbee Whyatt,bwhyatt7a@bbc.co.uk,user
6613e920fc13ae1a78abae42,Mickie Kennard,mkennard7b@youtu.be,user
6613e920fc13ae1a78abae43,Austin Grewer,agrewer7c@ftc.gov,user
6613e920fc13ae1a78abae44,Padget Cannop,pcannop7d@ycombinator.com,user
6613e920fc13ae1a78abae45,Barret Lidington,blidington7e@cyberchimps.com,user
6613e920fc13ae1a78abae46,Alberto Chandlar,achandlar7f@flickr.com,user
6613e920fc13ae1a78abae47,Shaylah Le Fleming,sle7g@amazon.co.jp,user
6613e920fc13ae1a78abae48,Patton Ely,pely7h@so-net.ne.jp,user
6613e920fc13ae1a78abae49,Rozina Fuke,rfuke7i@is.gd,user
6613e920fc13ae1a78abae4a,Timofei Santon,tsanton7j@europa.eu,user
6613e920fc13ae1a78abae4b,Gaylor Harford,gharford7k@qq.com,user
6613e920fc13ae1a78abae4c,Tony Corrado,tcorrado7l@ca.gov,user
6613e920fc13ae1a78abae4d,Roze Reynard,rreynard7m@ebay.com,user
6613e920fc13ae1a78abae4e,Gawain Jacketts,gjacketts7n@admin.ch,user
6613e920fc13ae1a78abae4f,Ozzy Gairdner,ogairdner7o@marketwatch.com,user
6613e920fc13ae1a78abae50,Danita Blabber,dblabber7p@geocities.jp,user
6613e920fc13ae1a78abae51,Cecilia Wilde,cwilde7q@biglobe.ne.jp,user
6613e920fc13ae1a78abae52,Ginnie Betke,gbetke7r@tinypic.com,user
6613e920fc13ae1a78abae53,Trish Brookesbie,tbrookesbie7s@arizona.edu,user
6613e920fc13ae1a78abae54,Ambrose Kays,akays7t@i2i.jp,user
6613e920fc13ae1a78abae55,Mile Godspede,mgodspede7u@arizona.edu,user
6613e920fc13ae1a78abae56,Jule Togher,jtogher7v@imgur.com,user
6613e920fc13ae1a78abae57,Erwin Smiz,esmiz7w@wikimedia.org,user
6613e920fc13ae1a78abae58,Isaiah Gagg,igagg7x@buzzfeed.com,user
6613e920fc13ae1a78abae59,Titus Peacocke,tpeacocke7y@go.com,user
6613e920fc13ae1a78abae5a,Chas Foan,cfoan7z@loc.gov,user
6613e920fc13ae1a78abae5b,Fin Casson,fcasson80@g.co,user
6613e920fc13ae1a78abae5c,Ari Moffet,amoffet81@gov.uk,user
6613e920fc13ae1a78abae5d,Lainey Jillard,ljillard82@oracle.com,user
6613e920fc13ae1a78abae5e,Brose MacKim,bmackim83@prnewswire.com,user
6613e920fc13ae1a78abae5f,Hephzibah Livingstone,hlivingstone84@buzzfeed.com,user
6613e920fc13ae1a78abae60,Samantha Durran,sdurran85@shop-pro.jp,user
6613e920fc13ae1a78abae61,Diannne Hatherall,dhatherall86@reverbnation.com,user
6613e920fc13ae1a78abae62,Terrance Aronstein,taronstein87@multiply.com,user
6613e920fc13ae1a78abae63,Ricki MacGillreich,rmacgillreich88@google.com.hk,user
6613e920fc13ae1a78abae64,Gerti Merrell,gmerrell89@php.net,user
6613e920fc13ae1a78abae65,Shea Onele,sonele8a@yelp.com,user
6613e920fc13ae1a78abae66,Cherie Hardisty,chardisty8b@aol.com,user
6613e920fc13ae1a78abae67,Benson Goldie,bgoldie8c@amazon.co.uk,user
6613e920fc13ae1a78abae68,Wye Seid,wseid8d@google.cn,user
6613e920fc13ae1a78abae69,Moses Cogar,mcogar8e@goodreads.com,user
6613e920fc13ae1a78abae6a,Jo Simone,jsimone8f@japanpost.jp,user
6613e920fc13ae1a78abae6b,Barnebas Radband,bradband8g@stanford.edu,user
6613e920fc13ae1a78abae6c,Bertie Lattos,blattos8h@so-net.ne.jp,user
6613e920fc13ae1a78abae6d,Pieter Hadigate,phadigate8i@w3.org,user
6613e920fc13ae1a78abae6e,Moreen Bedberry,mbedberry8j@hhs.gov,user
6613e920fc13ae1a78abae6f,Frank Monshall,fmonshall8k@nih.gov,user
6613e920fc13ae1a78abae70,Callean Hevey,chevey8l@myspace.com,user
6613e920fc13ae1a78abae71,Sheilakathryn Schott,sschott8m@nasa.gov,user
6613e920fc13ae1a78abae72,Reynold Fallawe,rfallawe8n@nationalgeographic.com,user
6613e920fc13ae1a78abae73,Orelee Dykins,odykins8o@twitpic.com,admin
6613e920fc13ae1a78abae74,Austin O' Quirk,ao8p@psu.edu,user
6613e920fc13ae1a78abae75,Jeremy Kefford,jkefford8q@amazonaws.com,user
6613e920fc13ae1a78abae76,Whitby Gaye,wgaye8r@slideshare.net,user
6613e920fc13ae1a78abae77,Ivy Conkay,iconkay8s@ed.gov,user
6613e920fc13ae1a78abae78,Darrel Gatling,dgatling8t@godaddy.com,user
6613e920fc13ae1a78abae79,Annabella Francesconi,afrancesconi8u@liveinternet.ru,user
6613e920fc13ae1a78abae7a,Matti Zollner,mzollner8v@vinaora.com,user
6613e920fc13ae1a78abae7b,Vonny Rays,vrays8w@friendfeed.com,user
6613e920fc13ae1a78abae7c,Nickie Yurevich,nyurevich8x@github.com,user
6613e920fc13ae1a78abae7d,Nicolina Robker,nrobker8y@xrea.com,user
6613e920fc13ae1a78abae7e,Ninon Lennox,nlennox8z@irs.gov,user
6613e920fc13ae1a78abae7f,Evangelia Fawson,efawson90@1und1.de,user
6613e920fc13ae1a78abae80,Robin Vorley,rvorley91@disqus.com,user
6613e920fc13ae1a78abae81,Fitzgerald Sherr,fsherr92@sciencedirect.com,admin
6613e920fc13ae1a78abae82,Mickey Rediers,mrediers93@scientificamerican.com,user
6613e920fc13ae1a78abae83,Kareem Backs,kbacks94@tiny.cc,user
6613e920fc13ae1a78abae84,Emmery Gorriessen,egorriessen95@netscape.com,user
6613e920fc13ae1a78abae85,Vikky Rossant,vrossant96@mysql.com,user
6613e920fc13ae1a78abae86,Stephine Kubasek,skubasek97@umich.edu,user
6613e920fc13ae1a78abae87,Cull Belfit,cbelfit98@sun.com,user
6613e920fc13ae1a78abae88,Bobby Huskisson,bhuskisson99@princeton.edu,user
6613e920fc13ae1a78abae89,Cher Rosbotham,crosbotham9a@delicious.com,user
6613e920fc13ae1a78abae8a,Sutherlan Matuschek,smatuschek9b@mapquest.com,user
6613e920fc13ae1a78abae8b,Kippie Canero,kcanero9c@jimdo.com,user
6613e920fc13ae1a78abae8c,Robers Stovell,rstovell9d@g.co,user
6613e920fc13ae1a78abae8d,Eula Cranmer,ecranmer9e@fotki.com,user
6613e920fc13ae1a78abae8e,Graig Liddell,gliddell9f@ning.com,user
6613e920fc13ae1a78abae8f,Ruddy Stoakley,rstoakley9g@sakura.ne.jp,user
6613e920fc13ae1a78abae90,Jaymie Yoselevitch,jyoselevitch9h@baidu.com,user
6613e920fc13ae1a78abae91,Laughton Trigwell,ltrigwell9i@bloglovin.com,user
6613e920fc13ae1a78abae92,Richy Ayliff,rayliff9j@edublogs.org,user
6613e920fc13ae1a78abae93,Nataline Challace,nchallace9k@dmoz.org,user
6613e920fc13ae1a78abae94,Flossie Wingham,fwingham9l@ed.gov,user
6613e920fc13ae1a78abae95,Quincey Chatelain,qchatelain9m@sfgate.com,user
6613e920fc13ae1a78abae96,Barrie Spencers,bspencers9n@newsvine.com,user
6613e920fc13ae1a78abae97,Tobi McFee,tmcfee9o@dagondesign.com,user
6613e920fc13ae1a78abae98,Constancy Hember,chember9p@alibaba.com,user
6613e920fc13ae1a78abae99,Ardath Sate,asate9q@boston.com,user
6613e920fc13ae1a78abae9a,Tamera Flement,tflement9r@wsj.com,user
6613e920fc13ae1a78abae9b,Niel Wooldridge,nwooldridge9s@angelfire.com,user
6613e920fc13ae1a78abae9c,Chadwick Vaadeland,cvaadeland9t@google.com.au,user
6613e920fc13ae1a78abae9d,Avie Chopping,achopping9u@bbb.org,user
6613e920fc13ae1a78abae9e,Anastassia Yacobsohn,ayacobsohn9v@state.gov,user
6613e920fc13ae1a78abae9f,Keary Creamer,kcreamer9w@drupal.org,user
6613e920fc13ae1a78abaea0,Malorie Canelas,mcanelas9x@infoseek.co.jp,admin
6613e920fc13ae1a78abaea1,Mel Bucknall,mbucknall9y@issuu.com,admin
6613e920fc13ae1a78abaea2,Claire Crich,ccrich9z@comsenz.com,user
6613e920fc13ae1a78abaea3,Teddy Langsbury,tlangsburya0@chicagotribune.com,user
6613e920fc13ae1a78abaea4,Freeland Livings,flivingsa1@japanpost.jp,user
6613e920fc13ae1a78abaea5,Lurleen Canete,lcanetea2@auda.org.au,user
6613e920fc13ae1a78abaea6,Camella Brissenden,cbrissendena3@geocities.com,user
6613e920fc13ae1a78abaea7,Pascal Pena,ppenaa4@phpbb.com,user
6613e920fc13ae1a78abaea8,Bree De Bellis,bdea5@ezinearticles.com,user
6613e920fc13ae1a78abaea9,Eveleen Tieman,etiemana6@live.com,user
6613e920fc13ae1a78abaeaa,Phillis Pampling,ppamplinga7@netlog.com,user
6613e920fc13ae1a78abaeab,Sisile Meade,smeadea8@java.com,user
6613e920fc13ae1a78abaeac,Aile Loosley,aloosleya9@hhs.gov,user
6613e920fc13ae1a78abaead,Knox Peasegod,kpeasegodaa@dmoz.org,user
6613e920fc13ae1a78abaeae,Cathyleen Jotcham,cjotchamab@craigslist.org,user
6613e920fc13ae1a78abaeaf,Brynne Revel,brevelac@globo.com,user
6613e920fc13ae1a78abaeb0,Cordie Gailor,cgailorad@printfriendly.com,user
6613e920fc13ae1a78abaeb1,Brok Thwaites,bthwaitesae@dedecms.com,user
6613e920fc13ae1a78abaeb2,Xenos Ossenna,xossennaaf@gov.uk,user
6613e920fc13ae1a78abaeb3,Rollins Bindon,rbindonag@intel.com,user
6613e920fc13ae1a78abaeb4,Fionna Mulhall,fmulhallah@hugedomains.com,user
6613e920fc13ae1a78abaeb5,Walsh Melley,wmelleyai@bigcartel.com,user
6613e920fc13ae1a78abaeb6,Maximo Maldin,mmaldinaj@qq.com,user
6613e920fc13ae1a78abaeb7,Tybi Greenhouse,tgreenhouseak@deviantart.com,user
6613e920fc13ae1a78abaeb8,Fields De Hailes,fdeal@ning.com,user
6613e920fc13ae1a78abaeb9,Fairleigh Aps,fapsam@berkeley.edu,user
6613e920fc13ae1a78abaeba,Suzann Sellar,ssellaran@eepurl.com,user
6613e920fc13ae1a78abaebb,Grace Tiltman,gtiltmanao@tinyurl.com,user
6613e920fc13ae1a78abaebc,Nicolette Daniell,ndaniellap@mozilla.org,user
6613e920fc13ae1a78abaebd,Keven Corder,kcorderaq@jalbum.net,user
6613e920fc13ae1a78abaebe,Miran Cops,mcopsar@shareasale.com,user
6613e920fc13ae1a78abaebf,Koren Ledgister,kledgisteras@google.es,user
6613e920fc13ae1a78abaec0,Francisca Amoss,famossat@mashable.com,user
6613e920fc13ae1a78abaec1,Ariela Nehl,anehlau@gravatar.com,user
6613e920fc13ae1a78abaec2,Thorstein Aynsley,taynsleyav@ifeng.com,user
6613e920fc13ae1a78abaec3,Emmet Glamart,eglamartaw@microsoft.com,user
6613e920fc13ae1a78abaec4,Jourdan Seabon,jseabonax@sfgate.com,user
6613e920fc13ae1a78abaec5,Jeralee Wakefield,jwakefielday@earthlink.net,user
6613e920fc13ae1a78abaec6,Penelope Fennessy,pfennessyaz@biblegateway.com,admin
6613e920fc13ae1a78abaec7,Clarence Horribine,chorribineb0@amazon.co.jp,user
6613e920fc13ae1a78abaec8,Nita Daftor,ndaftorb1@paginegialle.it,user
6613e920fc13ae1a78abaec9,Minda Seaman,mseamanb2@lulu.com,user
6613e920fc13ae1a78abaeca,Matty Cheek,mcheekb3@t-online.de,user
6613e920fc13ae1a78abaecb,Hyatt Giacomello,hgiacomellob4@blogs.com,user
6613e920fc13ae1a78abaecc,Doloritas Dicker,ddickerb5@ca.gov,user
6613e920fc13ae1a78abaecd,Maryjo Stratz,mstratzb6@nbcnews.com,user
6613e920fc13ae1a78abaece,Nikolaus Siggin,nsigginb7@jiathis.com,user
6613e920fc13ae1a78abaecf,Sophie Filippyev,sfilippyevb8@php.net,user
6613e920fc13ae1a78abaed0,Heddi Boost,hboostb9@zdnet.com,user
6613e920fc13ae1a78abaed1,Lion Mussett,lmussettba@github.com,user
6613e920fc13ae1a78abaed2,Hillard McPeice,hmcpeicebb@blogspot.com,user
6613e920fc13ae1a78abaed3,Elvyn Jakubowicz,ejakubowiczbc@google.pl,user
6613e920fc13ae1a78abaed4,Veradis Gaspar,vgasparbd@eepurl.com,user
6613e920fc13ae1a78abaed5,Darbie Human,dhumanbe@cloudflare.com,user
6613e920fc13ae1a78abaed6,Lucie Tansly,ltanslybf@slideshare.net,user
6613e920fc13ae1a78abaed7,Aura Klishin,aklishinbg@pcworld.com,user
6613e920fc13ae1a78abaed8,Ginnifer Luquet,gluquetbh@1und1.de,user
6613e920fc13ae1a78abaed9,Fee Whinray,fwhinraybi@goo.ne.jp,user
6613e920fc13ae1a78abaeda,Rora Beaten,rbeatenbj@jigsy.com,user
6613e921fc13ae1a78abaedb,Bayard Liff,bliffbk@aol.com,admin
6613e921fc13ae1a78abaedc,Alphonse Semorad,asemoradbl@ucoz.com,user
6613e921fc13ae1a78abaedd,Gardiner Goody,ggoodybm@issuu.com,user
6613e921fc13ae1a78abaede,Jeanna Wanka,jwankabn@twitter.com,user
6613e921fc13ae1a78abaedf,Hortensia Shemmans,hshemmansbo@netlog.com,user
6613e921fc13ae1a78abaee0,Robb Romanelli,rromanellibp@bloglines.com,user
6613e921fc13ae1a78abaee1,Brien Cornish,bcornishbq@shinystat.com,user
6613e921fc13ae1a78abaee2,Birgit Gorrick,bgorrickbr@goo.gl,user
6613e921fc13ae1a78abaee3,Lowell O' Culligan,lobs@reddit.com,user
6613e921fc13ae1a78abaee4,Dun Merriott,dmerriottbt@purevolume.com,user
6613e921fc13ae1a78abaee5,Wally Stannion,wstannionbu@blogspot.com,user
6613e921fc13ae1a78abaee6,Kimball Tither,ktitherbv@virginia.edu,user
6613e921fc13ae1a78abaee7,Orion Tunder,otunderbw@delicious.com,user
6613e921fc13ae1a78abaee8,Salim Doyle,sdoylebx@vk.com,user
6613e921fc13ae1a78abaee9,Jannelle Crocket,jcrocketby@purevolume.com,user
6613e921fc13ae1a78abaeea,Ranna Olphert,rolphertbz@answers.com,user
6613e921fc13ae1a78abaeeb,Saunderson Kilfedder,skilfedderc0@intel.com,user
6613e921fc13ae1a78abaeec,Marshall Swayton,mswaytonc1@youku.com,user
6613e921fc13ae1a78abaeed,Lemuel Gantlett,lgantlettc2@csmonitor.com,user
6613e921fc13ae1a78abaeee,Tucker Dursley,tdursleyc3@youtube.com,user
6613e921fc13ae1a78abaeef,Maddy Aldus,maldusc4@usnews.com,user
6613e921fc13ae1a78abaef0,Carolus Wort,cwortc5@hubpages.com,user
6613e921fc13ae1a78abaef1,Cacilie Parrett,cparrettc6@boston.com,user
6613e921fc13ae1a78abaef2,Hobey Kelso,hkelsoc7@miitbeian.gov.cn,user
6613e921fc13ae1a78abaef3,Mendie Obispo,mobispoc8@pbs.org,user
6613e921fc13ae1a78abaef4,Ursuline Cribbin,ucribbinc9@cdc.gov,user
6613e921fc13ae1a78abaef5,Catriona Flintoffe,cflintoffeca@behance.net,user
6613e921fc13ae1a78abaef6,Jordana Gover,jgovercb@nyu.edu,user
6613e921fc13ae1a78abaef7,Maggee Domenici,mdomenicicc@hp.com,user
6613e921fc13ae1a78abaef8,Marigold Scottini,mscottinicd@joomla.org,user
6613e921fc13ae1a78abaef9,Barbee Elliss,bellissce@technorati.com,user
6613e921fc13ae1a78abaefa,Genny Messitt,gmessittcf@wisc.edu,user
6613e921fc13ae1a78abaefb,Sutton Kunath,skunathcg@epa.gov,user
6613e921fc13ae1a78abaefc,Teddi Robe,trobech@ibm.com,user
6613e921fc13ae1a78abaefd,Alice Yosifov,ayosifovci@bravesites.com,user
6613e921fc13ae1a78abaefe,Corbet Tarver,ctarvercj@boston.com,user
6613e921fc13ae1a78abaeff,Cristi Langer,clangerck@umich.edu,user
6613e921fc13ae1a78abaf00,Aloin Lillyman,alillymancl@shop-pro.jp,user
6613e921fc13ae1a78abaf01,Anabel Robelin,arobelincm@imgur.com,user
6613e921fc13ae1a78abaf02,Kaile Fleetwood,kfleetwoodcn@merriam-webster.com,user
6613e921fc13ae1a78abaf03,Arlette Bafford,abaffordco@comcast.net,user
6613e921fc13ae1a78abaf04,Cody Shirlaw,cshirlawcp@seattletimes.com,user
6613e921fc13ae1a78abaf05,Odessa Dahill,odahillcq@google.com.hk,user
6613e921fc13ae1a78abaf06,Kaycee Bough,kboughcr@4shared.com,user
6613e921fc13ae1a78abaf07,Jasmina Pynner,jpynnercs@php.net,user
6613e921fc13ae1a78abaf08,Randa Deroche,rderochect@bandcamp.com,user
6613e921fc13ae1a78abaf09,Kermit Simioni,ksimionicu@slate.com,user
6613e921fc13ae1a78abaf0a,Ludovico Izaac,lizaaccv@mashable.com,user
6613e921fc13ae1a78abaf0b,Magdalen Cashen,mcashencw@boston.com,user
6613e921fc13ae1a78abaf0c,Kania Whitwham,kwhitwhamcx@nasa.gov,user
6613e921fc13ae1a78abaf0d,Nikoletta Redihough,nredihoughcy@plala.or.jp,user
6613e921fc13ae1a78abaf0e,Florry Behling,fbehlingcz@sakura.ne.jp,user
6613e921fc13ae1a78abaf0f,Cullie Phifer,cphiferd0@list-manage.com,user
6613e921fc13ae1a78abaf10,Patin Bertin,pbertind1@cornell.edu,user
6613e921fc13ae1a78abaf11,Querida Huckel,qhuckeld2@umich.edu,user
6613e921fc13ae1a78abaf12,Patty Fransewich,pfransewichd3@ibm.com,user
6613e921fc13ae1a78abaf13,Elroy Ransom,eransomd4@livejournal.com,user
6613e921fc13ae1a78abaf14,Flinn Mennell,fmennelld5@google.ru,user
6613e921fc13ae1a78abaf15,Killy Bianco,kbiancod6@t.co,user
6613e921fc13ae1a78abaf16,Abby Sefton,aseftond7@mapy.cz,user
6613e921fc13ae1a78abaf17,Zora Gindghill,zgindghilld8@reverbnation.com,user
6613e921fc13ae1a78abaf18,Reilly Nani,rnanid9@merriam-webster.com,user
6613e921fc13ae1a78abaf19,Tiebout Crewe,tcreweda@wordpress.com,user
6613e921fc13ae1a78abaf1a,Anabella Emmert,aemmertdb@alibaba.com,user
6613e921fc13ae1a78abaf1b,Catharina Menichini,cmenichinidc@barnesandnoble.com,user
6613e921fc13ae1a78abaf1c,Ali Labern,alaberndd@vk.com,user
6613e921fc13ae1a78abaf1d,Benedetta Henlon,bhenlonde@liveinternet.ru,admin
6613e921fc13ae1a78abaf1e,Sal Wildes,swildesdf@addtoany.com,user
6613e921fc13ae1a78abaf1f,Rae Chanders,rchandersdg@live.com,user
6613e921fc13ae1a78abaf20,Sissie Gudahy,sgudahydh@google.com.hk,user
6613e921fc13ae1a78abaf21,Judon Poytress,jpoytressdi@dailymail.co.uk,admin
6613e921fc13ae1a78abaf22,Franny Sowley,fsowleydj@tinyurl.com,user
6613e921fc13ae1a78abaf23,Ailbert Morrell,amorrelldk@rambler.ru,user
6613e921fc13ae1a78abaf24,Alana Caudelier,acaudelierdl@fc2.com,user
6613e921fc13ae1a78abaf25,Marlow Pilling,mpillingdm@comsenz.com,user
6613e921fc13ae1a78abaf26,Rose Meadows,rmeadowsdn@theglobeandmail.com,user
6613e921fc13ae1a78abaf27,Harald Ricca,hriccado@guardian.co.uk,user
6613e921fc13ae1a78abaf28,Rebbecca Kemer,rkemerdp@lulu.com,user
6613e921fc13ae1a78abaf29,Shayla Dyment,sdymentdq@gmpg.org,user
6613e921fc13ae1a78abaf2a,Zahara De Lacey,zdedr@joomla.org,user
6613e921fc13ae1a78abaf2b,Ursala Skitterel,uskitterelds@sourceforge.net,user
6613e921fc13ae1a78abaf2c,Giselbert Hutten,ghuttendt@wix.com,user
6613e921fc13ae1a78abaf2d,Joyce Benbow,jbenbowdu@discuz.net,user
6613e921fc13ae1a78abaf2e,Farrah Thurlby,fthurlbydv@baidu.com,user
6613e921fc13ae1a78abaf2f,Rockwell Kermeen,rkermeendw@aol.com,user
6613e921fc13ae1a78abaf30,Pattie Bottom,pbottomdx@taobao.com,user
6613e921fc13ae1a78abaf31,Clementius Poschel,cposcheldy@hc360.com,user
6613e921fc13ae1a78abaf32,Randall Suscens,rsuscensdz@bloglovin.com,user
6613e921fc13ae1a78abaf33,Titus Northridge,tnorthridgee0@timesonline.co.uk,user
6613e921fc13ae1a78abaf34,Dani Hylton,dhyltone1@arstechnica.com,user
6613e921fc13ae1a78abaf35,Kerr Simpkin,ksimpkine2@ycombinator.com,user
6613e921fc13ae1a78abaf36,Cesare Oswal,coswale3@miibeian.gov.cn,user
6613e921fc13ae1a78abaf37,Andree Northfield,anorthfielde4@yellowbook.com,user
6613e921fc13ae1a78abaf38,Ki Bohlin,kbohline5@hhs.gov,user
6613e921fc13ae1a78abaf39,Jenica Corey,jcoreye6@boston.com,user
6613e921fc13ae1a78abaf3a,Karly Mowsdale,kmowsdalee7@wix.com,user
6613e921fc13ae1a78abaf3b,Annamarie Rosterne,arosternee8@loc.gov,user
6613e921fc13ae1a78abaf3c,Maurice Myford,mmyforde9@sina.com.cn,user
6613e921fc13ae1a78abaf3d,Marlin Mowsdale,mmowsdaleea@blog.com,user
6613e921fc13ae1a78abaf3e,Emelyne Garrals,egarralseb@bandcamp.com,user
6613e921fc13ae1a78abaf3f,Sigrid Munks,smunksec@arizona.edu,user
6613e921fc13ae1a78abaf40,Morissa Schaumann,mschaumanned@zdnet.com,user
6613e921fc13ae1a78abaf41,Siana Louys,slouysee@icio.us,user
6613e921fc13ae1a78abaf42,Patty Mariault,pmariaultef@google.co.jp,user
6613e921fc13ae1a78abaf43,Brynna Deem,bdeemeg@reverbnation.com,user
6613e921fc13ae1a78abaf44,Chrissie Czaja,cczajaeh@springer.com,user
6613e921fc13ae1a78abaf45,Whitney Richardet,wrichardetei@biblegateway.com,user
6613e921fc13ae1a78abaf46,Chiarra Jantet,cjantetej@thetimes.co.uk,user
6613e921fc13ae1a78abaf47,Travers Cardinal,tcardinalek@theguardian.com,user
6613e921fc13ae1a78abaf48,Orel Tilmouth,otilmouthel@nyu.edu,user
6613e921fc13ae1a78abaf49,Rory Aymes,raymesem@techcrunch.com,user
6613e921fc13ae1a78abaf4a,Sterne Sprackling,sspracklingen@livejournal.com,user
6613e921fc13ae1a78abaf4b,Daren Sterte,dsterteeo@toplist.cz,user
6613e921fc13ae1a78abaf4c,Marv Shreve,mshreveep@goodreads.com,user
6613e921fc13ae1a78abaf4d,Yvon Pratten,ypratteneq@sogou.com,user
6613e921fc13ae1a78abaf4e,Raffaello Adenot,radenoter@dion.ne.jp,user
6613e921fc13ae1a78abaf4f,Suzy Mulvy,smulvyes@unc.edu,user
6613e921fc13ae1a78abaf50,Arnuad Kesterton,akestertonet@theatlantic.com,user
6613e921fc13ae1a78abaf51,Morgen Glasscock,mglasscockeu@mac.com,user
6613e921fc13ae1a78abaf52,Carol-jean Ormerod,cormerodev@diigo.com,user
6613e921fc13ae1a78abaf53,Ric Gergher,rgergherew@netvibes.com,user
6613e921fc13ae1a78abaf54,Tina Crisell,tcrisellex@howstuffworks.com,user
6613e921fc13ae1a78abaf55,Adara Gallemore,agallemoreey@paypal.com,user
6613e921fc13ae1a78abaf56,Manolo Matson,mmatsonez@webeden.co.uk,user
6613e921fc13ae1a78abaf57,Valdemar Bawle,vbawlef0@nytimes.com,user
6613e921fc13ae1a78abaf58,Elayne Goricke,egorickef1@eventbrite.com,user
6613e921fc13ae1a78abaf59,Skip Redgrove,sredgrovef2@indiegogo.com,user
6613e921fc13ae1a78abaf5a,Babb Vanyard,bvanyardf3@google.nl,admin
6613e921fc13ae1a78abaf5b,Roi Dallyn,rdallynf4@theguardian.com,user
6613e921fc13ae1a78abaf5c,Odelia Cotilard,ocotilardf5@creativecommons.org,user
6613e921fc13ae1a78abaf5d,Lesya Kensall,lkensallf6@auda.org.au,user
6613e921fc13ae1a78abaf5e,Daron Boxen,dboxenf7@answers.com,user
6613e921fc13ae1a78abaf5f,Miof mela Winram,mmelaf8@bigcartel.com,user
6613e921fc13ae1a78abaf60,Gray Monni,gmonnif9@samsung.com,user
6613e921fc13ae1a78abaf61,Jerrold Newsome,jnewsomefa@europa.eu,user
6613e921fc13ae1a78abaf62,Marie-ann Witling,mwitlingfb@163.com,user
6613e921fc13ae1a78abaf63,Dag Plum,dplumfc@4shared.com,user
6613e921fc13ae1a78abaf64,Thomasin Cawdell,tcawdellfd@cbsnews.com,user
6613e921fc13ae1a78abaf65,Gaspard Rubenchik,grubenchikfe@sciencedaily.com,user
6613e921fc13ae1a78abaf66,Lucine Treacy,ltreacyff@skype.com,user
6613e921fc13ae1a78abaf67,Christiana Saylor,csaylorfg@oaic.gov.au,user
6613e921fc13ae1a78abaf68,Belinda Ryall,bryallfh@jugem.jp,user
6613e921fc13ae1a78abaf69,Burton Davers,bdaversfi@wp.com,user
6613e921fc13ae1a78abaf6a,Isidore Pennicott,ipennicottfj@etsy.com,user
6613e921fc13ae1a78abaf6b,Bogey Landsbury,blandsburyfk@sakura.ne.jp,user
6613e921fc13ae1a78abaf6c,Clyve Griffen,cgriffenfl@qq.com,user
6613e921fc13ae1a78abaf6d,Dede Phettis,dphettisfm@desdev.cn,user
6613e921fc13ae1a78abaf6e,Tanitansy Abbet,tabbetfn@so-net.ne.jp,user
6613e921fc13ae1a78abaf6f,Caro Chivers,cchiversfo@illinois.edu,user
6613e921fc13ae1a78abaf70,Danie Pearton,dpeartonfp@sciencedaily.com,user
6613e921fc13ae1a78abaf71,Karry Clayworth,kclayworthfq@parallels.com,user
6613e921fc13ae1a78abaf72,Wayland Gosby,wgosbyfr@bloglovin.com,user
6613e921fc13ae1a78abaf73,Ted Jacqueminot,tjacqueminotfs@friendfeed.com,user
6613e921fc13ae1a78abaf74,Jarrod Overstreet,joverstreetft@twitpic.com,user
6613e921fc13ae1a78abaf75,Deb Legonidec,dlegonidecfu@mysql.com,user
6613e921fc13ae1a78abaf76,Crystal Wedmore,cwedmorefv@hud.gov,user
6613e921fc13ae1a78abaf77,Ogdan Galer,ogalerfw@mail.ru,user
6613e921fc13ae1a78abaf78,Karolina Duinbleton,kduinbletonfx@hud.gov,user
6613e921fc13ae1a78abaf79,Odessa Crenshaw,ocrenshawfy@godaddy.com,user
6613e921fc13ae1a78abaf7a,Lauritz Angrock,langrockfz@youku.com,user
6613e921fc13ae1a78abaf7b,Shayna Cale,scaleg0@com.com,user
6613e921fc13ae1a78abaf7c,Kally Kiehne,kkiehneg1@digg.com,user
6613e921fc13ae1a78abaf7d,Carce Piatkowski,cpiatkowskig2@ebay.com,user
6613e921fc13ae1a78abaf7e,Alonso Simnell,asimnellg3@tinyurl.com,user
6613e921fc13ae1a78abaf7f,Constantino Hoyle,choyleg4@reddit.com,user
6613e921fc13ae1a78abaf80,See Lehrer,slehrerg5@wordpress.com,user
6613e921fc13ae1a78abaf81,Benjamen Biggam,bbiggamg6@jiathis.com,user
6613e921fc13ae1a78abaf82,Osgood Truss,otrussg7@qq.com,user
6613e921fc13ae1a78abaf83,Yevette Furbank,yfurbankg8@unesco.org,user
6613e921fc13ae1a78abaf84,Raymond Steckings,rsteckingsg9@independent.co.uk,user
6613e921fc13ae1a78abaf85,Sherwin Alliot,salliotga@tripod.com,user
6613e921fc13ae1a78abaf86,Sidney Beauchamp,sbeauchampgb@usnews.com,user
6613e921fc13ae1a78abaf87,Roth Pickwell,rpickwellgc@about.com,user
6613e921fc13ae1a78abaf88,Helen-elizabeth Szapiro,hszapirogd@cbc.ca,user
6613e921fc13ae1a78abaf89,Judi Boffin,jboffinge@scientificamerican.com,user
6613e921fc13ae1a78abaf8a,Rene Greensite,rgreensitegf@webs.com,user
6613e921fc13ae1a78abaf8b,Dunstan Hoggan,dhoggangg@forbes.com,user
6613e921fc13ae1a78abaf8c,Gael Loveday,glovedaygh@cbc.ca,user
6613e921fc13ae1a78abaf8d,Maren Stitwell,mstitwellgi@google.co.uk,user
6613e921fc13ae1a78abaf8e,Lynnette Ragot,lragotgj@cyberchimps.com,user
6613e921fc13ae1a78abaf8f,Avictor Knoble,aknoblegk@shop-pro.jp,user
6613e921fc13ae1a78abaf90,Fredek Hoggan,fhoggangl@timesonline.co.uk,user
6613e921fc13ae1a78abaf91,Zolly Faichnie,zfaichniegm@goo.gl,user
6613e921fc13ae1a78abaf92,Kirsten Glacken,kglackengn@barnesandnoble.com,user
6613e921fc13ae1a78abaf93,Katharyn Batthew,kbatthewgo@studiopress.com,user
6613e921fc13ae1a78abaf94,Tanitansy Drust,tdrustgp@wikimedia.org,user
6613e921fc13ae1a78abaf95,Francesca Pregel,fpregelgq@ft.com,user
6613e921fc13ae1a78abaf96,Cash Waghorne,cwaghornegr@goo.gl,user
6613e921fc13ae1a78abaf97,Gillian Akenhead,gakenheadgs@nba.com,user
6613e921fc13ae1a78abaf98,Verine Gregorio,vgregoriogt@last.fm,user
6613e921fc13ae1a78abaf99,Mallissa Kix,mkixgu@bravesites.com,user
6613e921fc13ae1a78abaf9a,Gregoire Hamsley,ghamsleygv@printfriendly.com,user
6613e921fc13ae1a78abaf9b,Karia Fitzsimmons,kfitzsimmonsgw@amazon.co.uk,user
6613e921fc13ae1a78abaf9c,Kendricks Bellis,kbellisgx@paypal.com,user
6613e921fc13ae1a78abaf9d,Bartholomeo Bourchier,bbourchiergy@a8.net,user
6613e921fc13ae1a78abaf9e,Nelie Kinahan,nkinahangz@creativecommons.org,user
6613e921fc13ae1a78abaf9f,Viviana Boldt,vboldth0@addthis.com,user
6613e921fc13ae1a78abafa0,Clara Iczokvitz,ciczokvitzh1@umich.edu,user
6613e921fc13ae1a78abafa1,Garald Blooman,gbloomanh2@phoca.cz,user
6613e921fc13ae1a78abafa2,Malcolm Aimable,maimableh3@nih.gov,user
6613e921fc13ae1a78abafa3,Arluene Crosham,acroshamh4@posterous.com,user
6613e921fc13ae1a78abafa4,Lorine Barti,lbartih5@mayoclinic.com,user
6613e921fc13ae1a78abafa5,Brant Hasnip,bhasniph6@wikispaces.com,user
6613e921fc13ae1a78abafa6,Prent Kyd,pkydh7@deviantart.com,user
6613e921fc13ae1a78abafa7,Tara O'Cassidy,tocassidyh8@cdc.gov,user
6613e921fc13ae1a78abafa8,Shandeigh McChesney,smcchesneyh9@mapquest.com,user
6613e921fc13ae1a78abafa9,Welbie Zannolli,wzannolliha@exblog.jp,user
6613e921fc13ae1a78abafaa,Herve Glancey,hglanceyhb@sohu.com,user
6613e921fc13ae1a78abafab,Rea Coulthard,rcoulthardhc@is.gd,user
6613e921fc13ae1a78abafac,Eddie Eingerfield,eeingerfieldhd@shop-pro.jp,admin
6613e921fc13ae1a78abafad,Gretna Tolputt,gtolputthe@slashdot.org,user
6613e921fc13ae1a78abafae,Raul Artharg,rartharghf@dedecms.com,user
6613e921fc13ae1a78abafaf,Kennett Brandenberg,kbrandenberghg@noaa.gov,admin
6613e921fc13ae1a78abafb0,Huntlee Kennady,hkennadyhh@studiopress.com,user
6613e921fc13ae1a78abafb1,Ralf De Wolfe,rdehi@cbsnews.com,user
6613e921fc13ae1a78abafb2,Katalin Dorman,kdormanhj@surveymonkey.com,user
6613e921fc13ae1a78abafb3,Ailee Pays,apayshk@163.com,user
6613e921fc13ae1a78abafb4,Letta Shallcroff,lshallcroffhl@g.co,user
6613e921fc13ae1a78abafb5,Anne-marie Jancey,ajanceyhm@weebly.com,user
6613e921fc13ae1a78abafb6,Pepito Sirette,psirettehn@xinhuanet.com,user
6613e921fc13ae1a78abafb7,Keith Yandle,kyandleho@alibaba.com,user
6613e921fc13ae1a78abafb8,Mattias Antcliffe,mantcliffehp@who.int,user
6613e921fc13ae1a78abafb9,Giustina Caukill,gcaukillhq@slideshare.net,user
6613e921fc13ae1a78abafba,Vergil Prover,vproverhr@umn.edu,user
6613e921fc13ae1a78abafbb,Carling Servant,cservanths@sphinn.com,user
6613e921fc13ae1a78abafbc,Fey Martel,fmartelht@arstechnica.com,user
6613e921fc13ae1a78abafbd,Gregorius Tuson,gtusonhu@so-net.ne.jp,user
6613e921fc13ae1a78abafbe,Alfy Bavridge,abavridgehv@hibu.com,user
6613e921fc13ae1a78abafbf,Royal Metson,rmetsonhw@columbia.edu,user
6613e921fc13ae1a78abafc0,Quintina Semrad,qsemradhx@constantcontact.com,user
6613e921fc13ae1a78abafc1,Felice Gladbach,fgladbachhy@accuweather.com,user
6613e921fc13ae1a78abafc2,Marisa Pressland,mpresslandhz@seesaa.net,user
6613e921fc13ae1a78abafc3,Herman Janc,hjanci0@delicious.com,user
6613e921fc13ae1a78abafc4,Angie MacAughtrie,amacaughtriei1@irs.gov,user
6613e921fc13ae1a78abafc5,Bryanty Richardot,brichardoti2@unesco.org,user
6613e921fc13ae1a78abafc6,Demetre Muzzi,dmuzzii3@timesonline.co.uk,user
6613e921fc13ae1a78abafc7,Sal McWard,smcwardi4@pbs.org,user
6613e921fc13ae1a78abafc8,Lurleen Dahlen,ldahleni5@europa.eu,user
6613e921fc13ae1a78abafc9,Leslie Lefever,llefeveri6@bbb.org,user
6613e921fc13ae1a78abafca,Zebulon Ellam,zellami7@google.pl,user
6613e921fc13ae1a78abafcb,Domingo Kynston,dkynstoni8@issuu.com,user
6613e921fc13ae1a78abafcc,Electra Nelson,enelsoni9@springer.com,user
6613e921fc13ae1a78abafcd,Marshal Titmuss,mtitmussia@webs.com,user
6613e921fc13ae1a78abafce,Mozes Bottoms,mbottomsib@army.mil,user
6613e921fc13ae1a78abafcf,Marleah Trewhela,mtrewhelaic@dion.ne.jp,user
6613e921fc13ae1a78abafd0,Renault Gerlack,rgerlackid@nationalgeographic.com,user
6613e921fc13ae1a78abafd1,Perl Georghiou,pgeorghiouie@imdb.com,user
6613e921fc13ae1a78abafd2,Tobit Tanslie,ttanslieif@cafepress.com,user
6613e921fc13ae1a78abafd3,Cecile Shales,cshalesig@delicious.com,user
6613e921fc13ae1a78abafd4,Calla Bedingfield,cbedingfieldih@prnewswire.com,user
6613e921fc13ae1a78abafd5,Adolph Donlon,adonlonii@barnesandnoble.com,user
6613e921fc13ae1a78abafd6,Eb Ibell,eibellij@163.com,user
6613e921fc13ae1a78abafd7,Glen Yurtsev,gyurtsevik@google.co.jp,user
6613e921fc13ae1a78abafd8,Glenine Pillington,gpillingtonil@va.gov,user
6613e921fc13ae1a78abafd9,Celine Galpen,cgalpenim@github.com,user
6613e921fc13ae1a78abafda,Bartel Basilio,bbasilioin@ebay.com,user
6613e921fc13ae1a78abafdb,Andeee Goward,agowardio@ftc.gov,user
6613e921fc13ae1a78abafdc,Ninette Astill,nastillip@china.com.cn,user
6613e921fc13ae1a78abafdd,Aldwin Bouda,aboudaiq@loc.gov,user
6613e921fc13ae1a78abafde,Ned Chorley,nchorleyir@godaddy.com,user
6613e921fc13ae1a78abafdf,Devinne Fenna,dfennais@tuttocitta.it,user
6613e921fc13ae1a78abafe0,Goober Wartonby,gwartonbyit@theatlantic.com,user
6613e921fc13ae1a78abafe1,Hester Skirven,hskirveniu@rakuten.co.jp,user
6613e921fc13ae1a78abafe2,Editha Rosnau,erosnauiv@lulu.com,user
6613e921fc13ae1a78abafe3,Doug Doy,ddoyiw@wp.com,user
6613e921fc13ae1a78abafe4,Flss Rising,frisingix@geocities.com,user
6613e921fc13ae1a78abafe5,Haily des Remedios,hdesiy@nps.gov,user
6613e921fc13ae1a78abafe6,Appolonia Grindley,agrindleyiz@wix.com,user
6613e921fc13ae1a78abafe7,Alyss Cauldwell,acauldwellj0@flavors.me,user
6613e921fc13ae1a78abafe8,Anny Rowland,arowlandj1@bloomberg.com,user
6613e921fc13ae1a78abafe9,Nonna Keller,nkellerj2@elegantthemes.com,user
6613e921fc13ae1a78abafea,Janie Ditt,jdittj3@yale.edu,user
6613e921fc13ae1a78abafeb,Maudie Anstice,mansticej4@cpanel.net,user
6613e921fc13ae1a78abafec,Alie Tremeer,atremeerj5@vistaprint.com,user
6613e921fc13ae1a78abafed,Barbie Mapother,bmapotherj6@parallels.com,user
6613e921fc13ae1a78abafee,Ursulina Angear,uangearj7@whitehouse.gov,user
6613e921fc13ae1a78abafef,Earvin Lillegard,elillegardj8@google.de,user
6613e921fc13ae1a78abaff0,Andonis Reboulet,arebouletj9@europa.eu,user
6613e921fc13ae1a78abaff1,Eldredge Wadly,ewadlyja@cafepress.com,user
6613e921fc13ae1a78abaff2,Raimundo Gilbard,rgilbardjb@mlb.com,user
6613e921fc13ae1a78abaff3,Warde Hartzogs,whartzogsjc@sbwire.com,user
6613e921fc13ae1a78abaff4,Dolorita Leagas,dleagasjd@ftc.gov,user
6613e921fc13ae1a78abaff5,Hugh Edger,hedgerje@indiegogo.com,user
6613e921fc13ae1a78abaff6,Fernande Callcott,fcallcottjf@buzzfeed.com,user
6613e921fc13ae1a78abaff7,Louie Schoolcroft,lschoolcroftjg@bbb.org,user
6613e921fc13ae1a78abaff8,Cob Brett,cbrettjh@gmpg.org,user
6613e921fc13ae1a78abaff9,Saunder Brookson,sbrooksonji@friendfeed.com,user
6613e921fc13ae1a78abaffa,Erika Loughead,elougheadjj@washingtonpost.com,user
6613e921fc13ae1a78abaffb,Mervin Gouley,mgouleyjk@eventbrite.com,user
6613e921fc13ae1a78abaffc,Zarah Geggie,zgeggiejl@mapy.cz,user
6613e921fc13ae1a78abaffd,Rikki Snassell,rsnasselljm@wordpress.org,user
6613e921fc13ae1a78abaffe,Sharline Ikringill,sikringilljn@vkontakte.ru,user
6613e921fc13ae1a78abafff,Danie Daunay,ddaunayjo@twitter.com,user
6613e921fc13ae1a78abb000,Albertine Bransden,abransdenjp@miitbeian.gov.cn,user
6613e921fc13ae1a78abb001,Kimble Mucklestone,kmucklestonejq@nhs.uk,user
6613e921fc13ae1a78abb002,Maressa Jumonet,mjumonetjr@cbslocal.com,user
6613e921fc13ae1a78abb003,Carlye Schulze,cschulzejs@china.com.cn,user
6613e921fc13ae1a78abb004,Colas Moscon,cmosconjt@is.gd,user
6613e921fc13ae1a78abb005,Oliviero Mayo,omayoju@wufoo.com,user
6613e921fc13ae1a78abb006,Jemie D'Aulby,jdaulbyjv@jimdo.com,user
6613e921fc13ae1a78abb007,Yasmin Rosenstock,yrosenstockjw@phpbb.com,user
6613e921fc13ae1a78abb008,Kirbee Batcheldor,kbatcheldorjx@newyorker.com,user
6613e921fc13ae1a78abb009,Clary Jagoe,cjagoejy@cpanel.net,user
6613e921fc13ae1a78abb00a,Violetta McKirdy,vmckirdyjz@independent.co.uk,user
6613e921fc13ae1a78abb00b,Edgar Gregor,egregork0@merriam-webster.com,user
6613e921fc13ae1a78abb00c,Jackie Maxted,jmaxtedk1@patch.com,user
6613e921fc13ae1a78abb00d,Kaylil Teall,kteallk2@mapquest.com,user
6613e921fc13ae1a78abb00e,Rosita Dougherty,rdoughertyk3@unc.edu,user
6613e921fc13ae1a78abb00f,Lawton Haddock,lhaddockk4@xing.com,user
6613e921fc13ae1a78abb010,Zilvia Topper,ztopperk5@state.tx.us,user
6613e921fc13ae1a78abb011,Mikael Bister,mbisterk6@usnews.com,user
6613e921fc13ae1a78abb012,Valentino Cracie,vcraciek7@unc.edu,user
6613e921fc13ae1a78abb013,Dasie Pomphrey,dpomphreyk8@facebook.com,user
6613e921fc13ae1a78abb014,Germaine Wyke,gwykek9@dagondesign.com,user
6613e921fc13ae1a78abb015,Bastien Yurocjkin,byurocjkinka@npr.org,user
6613e921fc13ae1a78abb016,Janifer Usborn,jusbornkb@usnews.com,user
6613e921fc13ae1a78abb017,Alvera Gainsford,againsfordkc@jigsy.com,user
6613e921fc13ae1a78abb018,Stephanie Treace,streacekd@mysql.com,user
6613e921fc13ae1a78abb019,Louisette Longbothom,llongbothomke@xrea.com,user
6613e921fc13ae1a78abb01a,Dorella Nuzzti,dnuzztikf@nsw.gov.au,user
6613e921fc13ae1a78abb01b,Darwin Devine,ddevinekg@domainmarket.com,user
6613e921fc13ae1a78abb01c,Berton Waldocke,bwaldockekh@mysql.com,user
6613e921fc13ae1a78abb01d,Rhianna Scarlan,rscarlanki@hostgator.com,user
6613e921fc13ae1a78abb01e,Emanuel Pregal,epregalkj@seesaa.net,user
6613e921fc13ae1a78abb01f,Noami Heers,nheerskk@sogou.com,user
6613e921fc13ae1a78abb020,Sydel Chamney,schamneykl@goo.ne.jp,user
6613e921fc13ae1a78abb021,Tabitha Gaspard,tgaspardkm@wsj.com,user
6613e921fc13ae1a78abb022,Ralf Bison,rbisonkn@google.de,user
6613e921fc13ae1a78abb023,Tymothy Westcarr,twestcarrko@oaic.gov.au,user
6613e921fc13ae1a78abb024,Pincus Peskin,ppeskinkp@blinklist.com,user
6613e921fc13ae1a78abb025,Stevana Lelievre,slelievrekq@ibm.com,user
6613e921fc13ae1a78abb026,Dix MacCauley,dmaccauleykr@cdc.gov,user
6613e921fc13ae1a78abb027,Kleon Tzuker,ktzukerks@paginegialle.it,user
6613e921fc13ae1a78abb028,Shandie Tackett,stackettkt@cbslocal.com,user
6613e921fc13ae1a78abb029,Ginger Freen,gfreenku@ca.gov,user
6613e921fc13ae1a78abb02a,Park Mc Menamin,pmckv@privacy.gov.au,user
6613e921fc13ae1a78abb02b,Truman Currell,tcurrellkw@phoca.cz,user
6613e921fc13ae1a78abb02c,Ardath Wyllis,awylliskx@w3.org,user
6613e921fc13ae1a78abb02d,Barbey Melendez,bmelendezky@is.gd,user
6613e921fc13ae1a78abb02e,Palm Vany,pvanykz@abc.net.au,user
6613e921fc13ae1a78abb02f,Lizzie Jickles,ljicklesl0@youtube.com,user
6613e921fc13ae1a78abb030,Vitia Valentine,vvalentinel1@epa.gov,user
6613e921fc13ae1a78abb031,Adele Tankard,atankardl2@behance.net,user
6613e921fc13ae1a78abb032,Moira Screech,mscreechl3@google.ru,user
6613e921fc13ae1a78abb033,Alejandrina Shotton,ashottonl4@toplist.cz,user
6613e921fc13ae1a78abb034,Janie Freddi,jfreddil5@vk.com,user
6613e921fc13ae1a78abb035,Abdul Godwyn,agodwynl6@w3.org,user
6613e921fc13ae1a78abb036,Brigg Asche,baschel7@newyorker.com,user
6613e921fc13ae1a78abb037,Aldus Calltone,acalltonel8@cdbaby.com,user
6613e921fc13ae1a78abb038,Kenny Daintier,kdaintierl9@people.com.cn,user
6613e921fc13ae1a78abb039,Sid Penkethman,spenkethmanla@wikimedia.org,user
6613e921fc13ae1a78abb03a,Julieta Bambery,jbamberylb@indiatimes.com,user
6613e921fc13ae1a78abb03b,Bradley MacCafferky,bmaccafferkylc@umn.edu,user
6613e921fc13ae1a78abb03c,Mirelle Macauley,mmacauleyld@cbc.ca,admin
6613e921fc13ae1a78abb03d,Rhianna Kellogg,rkelloggle@discuz.net,user
6613e921fc13ae1a78abb03e,Norrie Jessup,njessuplf@microsoft.com,user
6613e921fc13ae1a78abb03f,Piper Heathfield,pheathfieldlg@earthlink.net,user
6613e921fc13ae1a78abb040,Myrna Elegood,melegoodlh@tripadvisor.com,user
6613e921fc13ae1a78abb041,Dillie MacAindreis,dmacaindreisli@ibm.com,user
6613e921fc13ae1a78abb042,Stesha Treadwell,streadwelllj@wufoo.com,user
6613e921fc13ae1a78abb043,Hilliary Plumb,hplumblk@columbia.edu,admin
6613e921fc13ae1a78abb044,Jayne Diche,jdichell@yale.edu,admin
6613e921fc13ae1a78abb045,Zorina Lindfors,zlindforslm@slideshare.net,user
6613e921fc13ae1a78abb046,Nicholle Robrow,nrobrowln@berkeley.edu,user
6613e921fc13ae1a78abb047,Nicky Logie,nlogielo@miitbeian.gov.cn,user
6613e921fc13ae1a78abb048,Alva Kinnie,akinnielp@gizmodo.com,user
6613e921fc13ae1a78abb049,Hallsy Jutson,hjutsonlq@trellian.com,user
6613e921fc13ae1a78abb04a,Pamelina Cosbee,pcosbeelr@flavors.me,user
6613e921fc13ae1a78abb04b,Franzen Prydie,fprydiels@nifty.com,user
6613e921fc13ae1a78abb04c,Athene Rumbelow,arumbelowlt@netlog.com,user
6613e921fc13ae1a78abb04d,Bee Dodsley,bdodsleylu@blog.com,user
6613e921fc13ae1a78abb04e,Lilah Mansion,lmansionlv@w3.org,user
6613e921fc13ae1a78abb04f,Derek Hukin,dhukinlw@people.com.cn,user
6613e921fc13ae1a78abb050,Maddie McCaig,mmccaiglx@squidoo.com,user
6613e921fc13ae1a78abb051,Ken Lambrick,klambrickly@geocities.jp,user
6613e921fc13ae1a78abb052,Reggi Estcourt,restcourtlz@economist.com,user
6613e921fc13ae1a78abb053,Sampson Minall,sminallm0@bravesites.com,user
6613e921fc13ae1a78abb054,Dolorita Ricart,dricartm1@elpais.com,user
6613e921fc13ae1a78abb055,Roanna Peeke-Vout,rpeekevoutm2@tamu.edu,user
6613e921fc13ae1a78abb056,Julian Catcherside,jcatchersidem3@google.com.br,user
6613e921fc13ae1a78abb057,Bethina Giovannini,bgiovanninim4@auda.org.au,user
6613e921fc13ae1a78abb058,Moshe Antat,mantatm5@liveinternet.ru,user
6613e921fc13ae1a78abb059,Cherlyn McKern,cmckernm6@cyberchimps.com,user
6613e921fc13ae1a78abb05a,Giffy Flintiff,gflintiffm7@yellowbook.com,user
6613e921fc13ae1a78abb05b,Chet Davidson,cdavidsonm8@hostgator.com,user
6613e921fc13ae1a78abb05c,Creigh Cann,ccannm9@altervista.org,user
6613e921fc13ae1a78abb05d,Adrianne Mingus,amingusma@usnews.com,user
6613e921fc13ae1a78abb05e,Eustacia Percifull,epercifullmb@bloomberg.com,user
6613e921fc13ae1a78abb05f,Alfie Lindenboim,alindenboimmc@nifty.com,user
6613e921fc13ae1a78abb060,Lucretia Cawthery,lcawtherymd@irs.gov,user
6613e921fc13ae1a78abb061,Cass Cahill,ccahillme@apache.org,user
6613e921fc13ae1a78abb062,Cybil Cutting,ccuttingmf@jugem.jp,user
6613e921fc13ae1a78abb063,Faythe Calderhead,fcalderheadmg@princeton.edu,user
6613e921fc13ae1a78abb064,Maddy O'Donohue,modonohuemh@acquirethisname.com,user
6613e921fc13ae1a78abb065,Adelle Campana,acampanami@ft.com,user
6613e921fc13ae1a78abb066,Sharyl Betts,sbettsmj@google.ru,user
6613e921fc13ae1a78abb067,Mollie Worlock,mworlockmk@csmonitor.com,user
6613e921fc13ae1a78abb068,Tommy Tieraney,ttieraneyml@ehow.com,user
6613e921fc13ae1a78abb069,Conrade Frankiewicz,cfrankiewiczmm@comsenz.com,user
6613e921fc13ae1a78abb06a,Neddie Blasik,nblasikmn@vk.com,user
6613e921fc13ae1a78abb06b,Adan Knatt,aknattmo@salon.com,user
6613e921fc13ae1a78abb06c,Susy MacDermid,smacdermidmp@yelp.com,user
6613e921fc13ae1a78abb06d,Lexis Bathowe,lbathowemq@cargocollective.com,user
6613e921fc13ae1a78abb06e,Karalynn Fawson,kfawsonmr@ibm.com,user
6613e921fc13ae1a78abb06f,Hilly Albertson,halbertsonms@issuu.com,user
6613e921fc13ae1a78abb070,Em Graysmark,egraysmarkmt@example.com,user
6613e921fc13ae1a78abb071,Fonzie Ragbourne,fragbournemu@blog.com,user
6613e921fc13ae1a78abb072,Lianne Slegg,lsleggmv@odnoklassniki.ru,user
6613e921fc13ae1a78abb073,Tabbi Pascall,tpascallmw@blogtalkradio.com,user
6613e921fc13ae1a78abb074,Remy McMoyer,rmcmoyermx@tamu.edu,user
6613e921fc13ae1a78abb075,Audy Largen,alargenmy@soundcloud.com,user
6613e921fc13ae1a78abb076,Maury Josuweit,mjosuweitmz@sakura.ne.jp,user
6613e921fc13ae1a78abb077,Roderigo Long,rlongn0@wikipedia.org,user
6613e921fc13ae1a78abb078,Marchelle Meys,mmeysn1@wunderground.com,user
6613e921fc13ae1a78abb079,Jerrine Mallinar,jmallinarn2@ustream.tv,user
6613e921fc13ae1a78abb07a,Elmer Shepherd,eshepherdn3@tiny.cc,user
6613e921fc13ae1a78abb07b,Beverley Rablin,brablinn4@time.com,user
6613e921fc13ae1a78abb07c,Inigo Eisikovitsh,ieisikovitshn5@cocolog-nifty.com,user
6613e921fc13ae1a78abb07d,Hewet Ryder,hrydern6@xing.com,user
6613e921fc13ae1a78abb07e,Robb Kenworthey,rkenwortheyn7@cafepress.com,user
6613e921fc13ae1a78abb07f,Salem Sheeran,ssheerann8@wordpress.com,user
6613e921fc13ae1a78abb080,Alena Souch,asouchn9@diigo.com,admin
6613e921fc13ae1a78abb081,Crysta Brickner,cbricknerna@about.com,user
6613e921fc13ae1a78abb082,Sigismondo Josh,sjoshnb@hc360.com,user
6613e921fc13ae1a78abb083,Cecil Skea,cskeanc@diigo.com,user
6613e921fc13ae1a78abb084,Royall Ronaghan,rronaghannd@livejournal.com,user
6613e921fc13ae1a78abb085,Eddy McIlwreath,emcilwreathne@histats.com,user
6613e921fc13ae1a78abb086,Rosetta Masterman,rmastermannf@uiuc.edu,user
6613e921fc13ae1a78abb087,Kelbee Jandera,kjanderang@wunderground.com,user
6613e921fc13ae1a78abb088,Bondie Maud,bmaudnh@ow.ly,user
6613e921fc13ae1a78abb089,Zsazsa Stanion,zstanionni@blogtalkradio.com,user
6613e921fc13ae1a78abb08a,Yul Breede,ybreedenj@zimbio.com,user
6613e921fc13ae1a78abb08b,Coral Lickess,clickessnk@prlog.org,user
6613e921fc13ae1a78abb08c,Kinnie Blake,kblakenl@moonfruit.com,user
6613e921fc13ae1a78abb08d,Ceil Andreassen,candreassennm@ning.com,user
6613e921fc13ae1a78abb08e,Agna Artrick,aartricknn@stanford.edu,user
6613e921fc13ae1a78abb08f,Zaccaria Ollarenshaw,zollarenshawno@creativecommons.org,user
6613e921fc13ae1a78abb090,Ferdy Narramore,fnarramorenp@arstechnica.com,user
6613e921fc13ae1a78abb091,Ryan Blenkhorn,rblenkhornnq@pbs.org,admin
6613e921fc13ae1a78abb092,Oralia Semken,osemkennr@barnesandnoble.com,user
6613e921fc13ae1a78abb093,Katy Alam,kalamns@woothemes.com,user
6613e921fc13ae1a78abb094,Ivette Keyser,ikeysernt@oracle.com,user
6613e921fc13ae1a78abb095,Pamela Ioan,pioannu@ezinearticles.com,user
6613e921fc13ae1a78abb096,Mathe Mapstone,mmapstonenv@ted.com,user
6613e921fc13ae1a78abb097,Stern Conachie,sconachienw@booking.com,user
6613e921fc13ae1a78abb098,Terrijo Pearton,tpeartonnx@bloglovin.com,user
6613e921fc13ae1a78abb099,Sonja Seligson,sseligsonny@twitpic.com,user
6613e921fc13ae1a78abb09a,Rodger Gosden,rgosdennz@state.tx.us,user
6613e921fc13ae1a78abb09b,Leona Binding,lbindingo0@vimeo.com,user
6613e921fc13ae1a78abb09c,Koralle Calderon,kcalderono1@mtv.com,user
6613e921fc13ae1a78abb09d,Farley Caccavella,fcaccavellao2@icio.us,user
6613e921fc13ae1a78abb09e,Veronika Darlison,vdarlisono3@arizona.edu,user
6613e921fc13ae1a78abb09f,Torey Brunon,tbrunono4@delicious.com,user
6613e921fc13ae1a78abb0a0,Wileen Wones,wwoneso5@fc2.com,user
6613e921fc13ae1a78abb0a1,Shannan Anneslie,sanneslieo6@ycombinator.com,user
6613e921fc13ae1a78abb0a2,Hubie Miliffe,hmiliffeo7@github.com,user
6613e921fc13ae1a78abb0a3,Bettye Feronet,bferoneto8@exblog.jp,admin
6613e921fc13ae1a78abb0a4,Alia Thredder,athreddero9@typepad.com,user
6613e921fc13ae1a78abb0a5,Katine Hlavac,khlavacoa@comsenz.com,user
6613e921fc13ae1a78abb0a6,Krysta McQuarrie,kmcquarrieob@cmu.edu,user
6613e921fc13ae1a78abb0a7,Luciana Beddoe,lbeddoeoc@exblog.jp,user
6613e921fc13ae1a78abb0a8,Melanie Kachel,mkachelod@ameblo.jp,admin
6613e921fc13ae1a78abb0a9,Callie Turley,cturleyoe@nba.com,user
6613e921fc13ae1a78abb0aa,Danit Roberts,drobertsof@nsw.gov.au,user
6613e921fc13ae1a78abb0ab,Jamima Pidduck,jpidduckog@amazonaws.com,user
6613e921fc13ae1a78abb0ac,Brandy Fronczak,bfronczakoh@ameblo.jp,user
6613e921fc13ae1a78abb0ad,Rosalynd Anetts,ranettsoi@hud.gov,admin
6613e921fc13ae1a78abb0ae,Gery McKeever,gmckeeveroj@topsy.com,admin
6613e921fc13ae1a78abb0af,Marillin Jaime,mjaimeok@archive.org,user
6613e921fc13ae1a78abb0b0,Lyndel Rydeard,lrydeardol@liveinternet.ru,user
6613e921fc13ae1a78abb0b1,Ebony Trussman,etrussmanom@oakley.com,user
6613e921fc13ae1a78abb0b2,Zabrina Hoyte,zhoyteon@senate.gov,user
6613e921fc13ae1a78abb0b3,Loleta Elsley,lelsleyoo@uol.com.br,user
6613e921fc13ae1a78abb0b4,Pablo Clynmans,pclynmansop@fc2.com,user
6613e921fc13ae1a78abb0b5,Harv Lendrem,hlendremoq@usatoday.com,user
6613e921fc13ae1a78abb0b6,Tibold Kilford,tkilfordor@altervista.org,user
6613e921fc13ae1a78abb0b7,Yale Curragh,ycurraghos@merriam-webster.com,user
6613e921fc13ae1a78abb0b8,Byrann Grgic,bgrgicot@exblog.jp,user
6613e921fc13ae1a78abb0b9,Jenna Quimby,jquimbyou@pcworld.com,user
6613e921fc13ae1a78abb0ba,Max Ure,mureov@ihg.com,user
6613e921fc13ae1a78abb0bb,Beckie Guterson,bgutersonow@walmart.com,user
6613e921fc13ae1a78abb0bc,Celinda Veevers,cveeversox@time.com,user
6613e921fc13ae1a78abb0bd,Cordie Graddon,cgraddonoy@list-manage.com,user
6613e921fc13ae1a78abb0be,Rora Crates,rcratesoz@buzzfeed.com,user
6613e921fc13ae1a78abb0bf,Charmion Doiley,cdoileyp0@npr.org,user
6613e921fc13ae1a78abb0c0,Huntley Rosenfelder,hrosenfelderp1@slashdot.org,user
6613e921fc13ae1a78abb0c1,Hesther Sadgrove,hsadgrovep2@biglobe.ne.jp,user
6613e921fc13ae1a78abb0c2,Janaye Horlock,jhorlockp3@icio.us,user
6613e921fc13ae1a78abb0c3,Archer O' Molan,aop4@ucla.edu,user
6613e921fc13ae1a78abb0c4,Storm Vel,svelp5@buzzfeed.com,user
6613e921fc13ae1a78abb0c5,Dorothea Pesek,dpesekp6@pagesperso-orange.fr,user
6613e921fc13ae1a78abb0c6,Devi Jarad,djaradp7@360.cn,user
6613e921fc13ae1a78abb0c7,Iggy Jarrell,ijarrellp8@earthlink.net,user
6613e921fc13ae1a78abb0c8,Rich Tregien,rtregienp9@dmoz.org,user
6613e921fc13ae1a78abb0c9,Vonny Lindfors,vlindforspa@bluehost.com,user
6613e921fc13ae1a78abb0ca,Holli Adamovsky,hadamovskypb@symantec.com,user
6613e921fc13ae1a78abb0cb,Christa Shatliffe,cshatliffepc@auda.org.au,user
6613e921fc13ae1a78abb0cc,Dido Bernardelli,dbernardellipd@qq.com,user
6613e921fc13ae1a78abb0cd,Bink Dusey,bduseype@economist.com,user
6613e921fc13ae1a78abb0ce,Callida Dugmore,cdugmorepf@cnn.com,user
6613e921fc13ae1a78abb0cf,Janeva Ivchenko,jivchenkopg@cnet.com,user
6613e921fc13ae1a78abb0d0,Editha Marshallsay,emarshallsayph@buzzfeed.com,user
6613e921fc13ae1a78abb0d1,Ignatius Lardner,ilardnerpi@alexa.com,user
6613e921fc13ae1a78abb0d2,Harvey Doy,hdoypj@gravatar.com,user
6613e921fc13ae1a78abb0d3,Yehudi Brace,ybracepk@shop-pro.jp,admin
6613e921fc13ae1a78abb0d4,Roman Satchell,rsatchellpl@ustream.tv,user
6613e921fc13ae1a78abb0d5,Worthington Menauteau,wmenauteaupm@state.tx.us,user
6613e921fc13ae1a78abb0d6,Carla McDougal,cmcdougalpn@altervista.org,user
6613e921fc13ae1a78abb0d7,Adela Bernt,aberntpo@cam.ac.uk,user
6613e921fc13ae1a78abb0d8,Pierre Cozby,pcozbypp@who.int,user
6613e921fc13ae1a78abb0d9,Laurena Heball,lheballpq@simplemachines.org,user
6613e921fc13ae1a78abb0da,Zarah Delany,zdelanypr@weebly.com,user
6613e921fc13ae1a78abb0db,Hy Kesteven,hkestevenps@squidoo.com,user
6613e921fc13ae1a78abb0dc,Bentlee Sawart,bsawartpt@cisco.com,user
6613e921fc13ae1a78abb0dd,Lorens Kybert,lkybertpu@yelp.com,user
6613e921fc13ae1a78abb0de,Walt Gosforth,wgosforthpv@nps.gov,user
6613e921fc13ae1a78abb0df,Lorin Bools,lboolspw@blogtalkradio.com,user
6613e921fc13ae1a78abb0e0,Cyrillus St. Quintin,cstpx@google.cn,user
6613e921fc13ae1a78abb0e1,Pace Fawloe,pfawloepy@wufoo.com,user
6613e921fc13ae1a78abb0e2,Orazio McNiven,omcnivenpz@google.co.jp,user
6613e921fc13ae1a78abb0e3,Luella Bosma,lbosmaq0@salon.com,user
6613e921fc13ae1a78abb0e4,Tomkin Hasson,thassonq1@timesonline.co.uk,user
6613e921fc13ae1a78abb0e5,Tobit Bodicam,tbodicamq2@goodreads.com,admin
6613e921fc13ae1a78abb0e6,Anabella Scutter,ascutterq3@sfgate.com,user
6613e921fc13ae1a78abb0e7,Cristionna Saller,csallerq4@techcrunch.com,user
6613e921fc13ae1a78abb0e8,Ashby Kenwell,akenwellq5@networkadvertising.org,user
6613e921fc13ae1a78abb0e9,Sampson Scowen,sscowenq6@blogger.com,user
6613e921fc13ae1a78abb0ea,Farra Finder,ffinderq7@behance.net,user
6613e921fc13ae1a78abb0eb,Vin Ganter,vganterq8@auda.org.au,user
6613e921fc13ae1a78abb0ec,Salaidh Heppner,sheppnerq9@cargocollective.com,user
6613e921fc13ae1a78abb0ed,Averell Howroyd,ahowroydqa@yahoo.com,user
6613e921fc13ae1a78abb0ee,Lishe Ragles,lraglesqb@reuters.com,user
6613e921fc13ae1a78abb0ef,Percy O'Rodane,porodaneqc@amazon.co.uk,user
6613e921fc13ae1a78abb0f0,Sherlock Palister,spalisterqd@flickr.com,user
6613e921fc13ae1a78abb0f1,Tait Cumberpatch,tcumberpatchqe@bluehost.com,user
6613e921fc13ae1a78abb0f2,Jarret Goldman,jgoldmanqf@weather.com,user
6613e921fc13ae1a78abb0f3,Garnette Gianasi,ggianasiqg@amazon.de,user
6613e921fc13ae1a78abb0f4,Culver Brahm,cbrahmqh@godaddy.com,user
6613e921fc13ae1a78abb0f5,Almeta Vertey,averteyqi@sbwire.com,user
6613e921fc13ae1a78abb0f6,Grover Grayshan,ggrayshanqj@si.edu,user
6613e921fc13ae1a78abb0f7,Carole Nafziger,cnafzigerqk@oracle.com,user
6613e921fc13ae1a78abb0f8,Lyon Aspole,laspoleql@ovh.net,user
6613e921fc13ae1a78abb0f9,Maureene Abrashkin,mabrashkinqm@abc.net.au,user
6613e921fc13ae1a78abb0fa,Randal Blown,rblownqn@hao123.com,user
6613e921fc13ae1a78abb0fb,Merwin Jiggins,mjigginsqo@nymag.com,user
6613e921fc13ae1a78abb0fc,Guenna Sulley,gsulleyqp@yahoo.com,user
6613e921fc13ae1a78abb0fd,Robbie Jeppe,rjeppeqq@diigo.com,user
6613e921fc13ae1a78abb0fe,Kirsti Rosell,krosellqr@blog.com,user
6613e921fc13ae1a78abb0ff,Kirstin Puttnam,kputtnamqs@stanford.edu,user
6613e921fc13ae1a78abb100,Shepherd Prue,sprueqt@hatena.ne.jp,user
6613e921fc13ae1a78abb101,Letta Ballsdon,lballsdonqu@seattletimes.com,user
6613e921fc13ae1a78abb102,Emilio Preble,eprebleqv@moonfruit.com,user
6613e921fc13ae1a78abb103,Dulcie Buttner,dbuttnerqw@pen.io,user
6613e921fc13ae1a78abb104,Caryl Pentelow,cpentelowqx@icio.us,user
6613e921fc13ae1a78abb105,Lisha Dunstan,ldunstanqy@wikimedia.org,user
6613e921fc13ae1a78abb106,Forster Crates,fcratesqz@sina.com.cn,user
6613e921fc13ae1a78abb107,Crissie Ommundsen,commundsenr0@unesco.org,user
6613e921fc13ae1a78abb108,Ddene Cordelette,dcordeletter1@slate.com,user
6613e921fc13ae1a78abb109,Benn Matuszyk,bmatuszykr2@blogspot.com,user
6613e921fc13ae1a78abb10a,Lianne Silson,lsilsonr3@addtoany.com,user
6613e921fc13ae1a78abb10b,Jobye Wakley,jwakleyr4@sogou.com,user
6613e921fc13ae1a78abb10c,Ky Gartside,kgartsider5@economist.com,user
6613e921fc13ae1a78abb10d,Amelina Miettinen,amiettinenr6@feedburner.com,user
6613e921fc13ae1a78abb10e,Florri Lanon,flanonr7@hibu.com,user
6613e921fc13ae1a78abb10f,Floria Yearby,fyearbyr8@buzzfeed.com,user
6613e921fc13ae1a78abb110,Kerri Blakesley,kblakesleyr9@china.com.cn,user
6613e921fc13ae1a78abb111,Westley Sephton,wsephtonra@clickbank.net,user
6613e921fc13ae1a78abb112,Mallissa Ould,mouldrb@oakley.com,user
6613e921fc13ae1a78abb113,Riobard Szwarc,rszwarcrc@macromedia.com,user
6613e921fc13ae1a78abb114,Benyamin Da Costa,bdard@squarespace.com,user
6613e921fc13ae1a78abb115,Gualterio Gregoire,ggregoirere@vimeo.com,user
6613e921fc13ae1a78abb116,Ford January,fjanuaryrf@mapy.cz,user
6613e921fc13ae1a78abb117,Salomi Oolahan,soolahanrg@usnews.com,user
6613e921fc13ae1a78abb118,Alair Gearty,ageartyrh@noaa.gov,user
6613e921fc13ae1a78abb119,Marie Traylen,mtraylenri@wufoo.com,user
6613e921fc13ae1a78abb11a,Evan Rivelin,erivelinrj@netvibes.com,user
6613e921fc13ae1a78abb11b,Allyce Kayzer,akayzerrk@so-net.ne.jp,admin
6613e921fc13ae1a78abb11c,Hersch Feaveer,hfeaveerrl@privacy.gov.au,user
6613e921fc13ae1a78abb11d,Cristiano Asken,caskenrm@cnet.com,user
6613e921fc13ae1a78abb11e,Von Daverin,vdaverinrn@utexas.edu,user
6613e921fc13ae1a78abb11f,Tyler Stickler,tsticklerro@ustream.tv,user
6613e921fc13ae1a78abb120,Stanwood de la Tremoille,sderp@blog.com,user
6613e921fc13ae1a78abb121,Cherri Hindshaw,chindshawrq@umich.edu,user
6613e921fc13ae1a78abb122,Cassandry Aldrin,caldrinrr@globo.com,user
